{
  "users": [
    {
      "email": "regular@example.com",
      "password": "$2a$10$2myKMolZJoH.q.cyXClQXufY1Mc7ETKdSaQQCC6Fgtbe0DCXRBELG",
      "id": 1
    },
    {
      "email": "admin@example.com",
      "password": "$2a$10$w8qB40MdYkMs3dgGGf0Pu.xxVOOzWdZ5/Nrkleo3Gqc88PF/OQhOG",
      "id": 2
    }
  ],
  "products": [
    {
      "id": "5ivimdqpjdnlac4dmyw",
      "name": "tv",
      "price": "5000",
      "stock": 2,
      "shortDesc": "samsung tv",
      "productImage": "https://res.cloudinary.com/ddj15zven/image/upload/v1668148196/x8s4kqlcjhbhcsvpdzwu.png",
      "category": "gadgets"
    },
    {
      "id": "t5pk5qzs61laclrmy2",
      "name": "Acer Laptop",
      "price": "15000",
      "stock": 1,
      "shortDesc": "Acer laptop with Display Size 15.60-inch,Memory RAM 8GB,Hard disk. 1TB",
      "productImage": "https://res.cloudinary.com/ddj15zven/image/upload/v1668177424/onksbsjd8mrbz3oyp0nd.jpg",
      "category": "gadgets"
    },
    {
      "id": "9whyf1bk1ialacltts2",
      "name": "Badminton",
      "price": "500",
      "stock": 2,
      "shortDesc": "badminton in yellow and red colour",
      "productImage": "https://res.cloudinary.com/ddj15zven/image/upload/v1668177526/ae13azbq8oktdu4ihzgh.jpg",
      "category": "sports"
    },
    {
      "id": "8mhh6vmkqnlaclvg37",
      "name": "Computer Networking(Book)",
      "price": "300",
      "stock": 1,
      "shortDesc": "Author:Quinn Kiser",
      "productImage": "https://res.cloudinary.com/ddj15zven/image/upload/v1668177599/pqnwz5m6gbtsgntxm4wf.jpg",
      "category": "books"
    },
    {
      "id": "6w44fclvhmlaclwlcl",
      "name": "Earphones",
      "price": "450",
      "stock": 1,
      "shortDesc": "Boat Earphone",
      "productImage": "https://res.cloudinary.com/ddj15zven/image/upload/v1668177655/dczpopouukmad0d27xxl.png",
      "category": "gadgets"
    },
    {
      "id": "v2esud8heyklapoofgx",
      "name": "StudyTable",
      "price": "500",
      "stock": "1",
      "shortDesc": "Brown colour study table",
      "productImage": "https://res.cloudinary.com/ddj15zven/image/upload/v1668968346/jxxfvvsxfifzmac4cs6e.jpg",
      "category": "furniture"
    }
  ]
}